explainlikeimfive,7.028263286023645
cats,5.4388197421198505
canada,4.887343392420775
apple,4.849053044851278
MechanicalKeyboards,2.4619905446826023
